CENTRALWAVELNG,BANDWIDTH,PL_TRANDEP,PL_TRANDEPERR1,PL_TRANDEPERR2,PL_TRANDEP_AUTHORS,PL_RATROR,PL_RATRORERR1,PL_RATRORERR2,PL_RATROR_AUTHORS,PL_RADJ,PL_RADJERR1,PL_RADJERR2,PL_RADJ_AUTHORS,PL_TRANMID,PL_TRANMIDERR1,PL_TRANMIDERR2,ST_RAD,ST_RADERR1,ST_RADERR2,ST_RAD_AUTHORS
3.0085,0.0115,2.16182,0.00818,-0.00805,JWST Transiting Exoplanet Community ERS Team 2022,0.14703,0.00028,-0.00027,JWST Transiting Exoplanet Community ERS Team 2022,1.2806,,,JWST Transiting Exoplanet Community ERS Team 2022,,,,0.895,0.023,-0.023,Faedi et al. 2011
3.032,0.012,2.17165,0.00792,-0.00802,JWST Transiting Exoplanet Community ERS Team 2022,0.14737,0.00027,-0.00027,JWST Transiting Exoplanet Community ERS Team 2022,1.2835,,,JWST Transiting Exoplanet Community ERS Team 2022,,,,0.895,0.023,-0.023,Faedi et al. 2011
3.056,0.012,2.15129,0.00704,-0.00706,JWST Transiting Exoplanet Community ERS Team 2022,0.14667,0.00024,-0.00024,JWST Transiting Exoplanet Community ERS Team 2022,1.2774,,,JWST Transiting Exoplanet Community ERS Team 2022,,,,0.895,0.023,-0.023,Faedi et al. 2011
3.0795,0.0115,2.15581,0.00748,-0.0078,JWST Transiting Exoplanet Community ERS Team 2022,0.14683,0.00025,-0.00027,JWST Transiting Exoplanet Community ERS Team 2022,1.2788,,,JWST Transiting Exoplanet Community ERS Team 2022,,,,0.895,0.023,-0.023,Faedi et al. 2011
3.1025,0.0115,2.14563,0.01031,-0.01039,JWST Transiting Exoplanet Community ERS Team 2022,0.14648,0.00035,-0.00036,JWST Transiting Exoplanet Community ERS Team 2022,1.2757,,,JWST Transiting Exoplanet Community ERS Team 2022,,,,0.895,0.023,-0.023,Faedi et al. 2011
3.126,0.012,2.13556,0.00768,-0.00783,JWST Transiting Exoplanet Community ERS Team 2022,0.14614,0.00026,-0.00027,JWST Transiting Exoplanet Community ERS Team 2022,1.2728,,,JWST Transiting Exoplanet Community ERS Team 2022,,,,0.895,0.023,-0.023,Faedi et al. 2011
3.1495,0.0115,2.15283,0.00814,-0.00794,JWST Transiting Exoplanet Community ERS Team 2022,0.14673,0.00028,-0.00027,JWST Transiting Exoplanet Community ERS Team 2022,1.2779,,,JWST Transiting Exoplanet Community ERS Team 2022,,,,0.895,0.023,-0.023,Faedi et al. 2011
3.1735,0.0115,2.13062,0.00834,-0.00807,JWST Transiting Exoplanet Community ERS Team 2022,0.14597,0.00029,-0.00028,JWST Transiting Exoplanet Community ERS Team 2022,1.2713,,,JWST Transiting Exoplanet Community ERS Team 2022,,,,0.895,0.023,-0.023,Faedi et al. 2011
3.1965,0.0115,2.13707,0.0083,-0.00864,JWST Transiting Exoplanet Community ERS Team 2022,0.14619,0.00028,-0.0003,JWST Transiting Exoplanet Community ERS Team 2022,1.2732,,,JWST Transiting Exoplanet Community ERS Team 2022,,,,0.895,0.023,-0.023,Faedi et al. 2011
3.22,0.012,2.13912,0.0083,-0.00803,JWST Transiting Exoplanet Community ERS Team 2022,0.14626,0.00028,-0.00027,JWST Transiting Exoplanet Community ERS Team 2022,1.2738,,,JWST Transiting Exoplanet Community ERS Team 2022,,,,0.895,0.023,-0.023,Faedi et al. 2011
3.244,0.012,2.12268,0.00839,-0.00807,JWST Transiting Exoplanet Community ERS Team 2022,0.14569,0.00029,-0.00028,JWST Transiting Exoplanet Community ERS Team 2022,1.2689,,,JWST Transiting Exoplanet Community ERS Team 2022,,,,0.895,0.023,-0.023,Faedi et al. 2011
3.2675,0.0115,2.10782,0.00859,-0.00877,JWST Transiting Exoplanet Community ERS Team 2022,0.14518,0.0003,-0.0003,JWST Transiting Exoplanet Community ERS Team 2022,1.2645,,,JWST Transiting Exoplanet Community ERS Team 2022,,,,0.895,0.023,-0.023,Faedi et al. 2011
3.2905,0.0115,2.11151,0.00904,-0.00911,JWST Transiting Exoplanet Community ERS Team 2022,0.14531,0.00031,-0.00031,JWST Transiting Exoplanet Community ERS Team 2022,1.2656,,,JWST Transiting Exoplanet Community ERS Team 2022,,,,0.895,0.023,-0.023,Faedi et al. 2011
3.314,0.012,2.12838,0.00854,-0.00837,JWST Transiting Exoplanet Community ERS Team 2022,0.14589,0.00029,-0.00029,JWST Transiting Exoplanet Community ERS Team 2022,1.2706,,,JWST Transiting Exoplanet Community ERS Team 2022,,,,0.895,0.023,-0.023,Faedi et al. 2011
3.338,0.012,2.12899,0.00848,-0.0092,JWST Transiting Exoplanet Community ERS Team 2022,0.14591,0.00029,-0.00032,JWST Transiting Exoplanet Community ERS Team 2022,1.2708,,,JWST Transiting Exoplanet Community ERS Team 2022,,,,0.895,0.023,-0.023,Faedi et al. 2011
3.3615,0.0115,2.10759,0.01174,-0.0124,JWST Transiting Exoplanet Community ERS Team 2022,0.14518,0.0004,-0.00043,JWST Transiting Exoplanet Community ERS Team 2022,1.2644,,,JWST Transiting Exoplanet Community ERS Team 2022,,,,0.895,0.023,-0.023,Faedi et al. 2011
3.3845,0.0115,2.12573,0.00844,-0.00897,JWST Transiting Exoplanet Community ERS Team 2022,0.1458,0.00029,-0.00031,JWST Transiting Exoplanet Community ERS Team 2022,1.2698,,,JWST Transiting Exoplanet Community ERS Team 2022,,,,0.895,0.023,-0.023,Faedi et al. 2011
3.408,0.012,2.11066,0.00973,-0.0086,JWST Transiting Exoplanet Community ERS Team 2022,0.14528,0.00033,-0.0003,JWST Transiting Exoplanet Community ERS Team 2022,1.2653,,,JWST Transiting Exoplanet Community ERS Team 2022,,,,0.895,0.023,-0.023,Faedi et al. 2011
3.432,0.012,2.12633,0.00823,-0.00772,JWST Transiting Exoplanet Community ERS Team 2022,0.14582,0.00028,-0.00026,JWST Transiting Exoplanet Community ERS Team 2022,1.27,,,JWST Transiting Exoplanet Community ERS Team 2022,,,,0.895,0.023,-0.023,Faedi et al. 2011
3.4555,0.0115,2.11543,0.00873,-0.00925,JWST Transiting Exoplanet Community ERS Team 2022,0.14545,0.0003,-0.00032,JWST Transiting Exoplanet Community ERS Team 2022,1.2667,,,JWST Transiting Exoplanet Community ERS Team 2022,,,,0.895,0.023,-0.023,Faedi et al. 2011
3.4785,0.0115,2.11199,0.00949,-0.00893,JWST Transiting Exoplanet Community ERS Team 2022,0.14533,0.00033,-0.00031,JWST Transiting Exoplanet Community ERS Team 2022,1.2657,,,JWST Transiting Exoplanet Community ERS Team 2022,,,,0.895,0.023,-0.023,Faedi et al. 2011
3.502,0.012,2.09805,0.01067,-0.00968,JWST Transiting Exoplanet Community ERS Team 2022,0.14485,0.00037,-0.00033,JWST Transiting Exoplanet Community ERS Team 2022,1.2615,,,JWST Transiting Exoplanet Community ERS Team 2022,,,,0.895,0.023,-0.023,Faedi et al. 2011
3.526,0.012,2.11945,0.00944,-0.00904,JWST Transiting Exoplanet Community ERS Team 2022,0.14558,0.00032,-0.00031,JWST Transiting Exoplanet Community ERS Team 2022,1.2679,,,JWST Transiting Exoplanet Community ERS Team 2022,,,,0.895,0.023,-0.023,Faedi et al. 2011
3.5725,0.0115,2.12988,0.00975,-0.00989,JWST Transiting Exoplanet Community ERS Team 2022,0.14594,0.00033,-0.00034,JWST Transiting Exoplanet Community ERS Team 2022,1.2711,,,JWST Transiting Exoplanet Community ERS Team 2022,,,,0.895,0.023,-0.023,Faedi et al. 2011
3.5965,0.0115,2.11852,0.00958,-0.00992,JWST Transiting Exoplanet Community ERS Team 2022,0.14555,0.00033,-0.00034,JWST Transiting Exoplanet Community ERS Team 2022,1.2677,,,JWST Transiting Exoplanet Community ERS Team 2022,,,,0.895,0.023,-0.023,Faedi et al. 2011
3.62,0.012,2.11535,0.0097,-0.01041,JWST Transiting Exoplanet Community ERS Team 2022,0.14544,0.00033,-0.00036,JWST Transiting Exoplanet Community ERS Team 2022,1.2667,,,JWST Transiting Exoplanet Community ERS Team 2022,,,,0.895,0.023,-0.023,Faedi et al. 2011
3.6435,0.0115,2.12947,0.00943,-0.00983,JWST Transiting Exoplanet Community ERS Team 2022,0.14593,0.00032,-0.00034,JWST Transiting Exoplanet Community ERS Team 2022,1.2709,,,JWST Transiting Exoplanet Community ERS Team 2022,,,,0.895,0.023,-0.023,Faedi et al. 2011
3.6665,0.0115,2.1273,0.00992,-0.00985,JWST Transiting Exoplanet Community ERS Team 2022,0.14585,0.00034,-0.00034,JWST Transiting Exoplanet Community ERS Team 2022,1.2703,,,JWST Transiting Exoplanet Community ERS Team 2022,,,,0.895,0.023,-0.023,Faedi et al. 2011
3.69,0.012,2.09791,0.00852,-0.00893,JWST Transiting Exoplanet Community ERS Team 2022,0.14484,0.00029,-0.00031,JWST Transiting Exoplanet Community ERS Team 2022,1.2615,,,JWST Transiting Exoplanet Community ERS Team 2022,,,,0.895,0.023,-0.023,Faedi et al. 2011
3.714,0.012,2.10435,0.00973,-0.01006,JWST Transiting Exoplanet Community ERS Team 2022,0.14506,0.00034,-0.00035,JWST Transiting Exoplanet Community ERS Team 2022,1.2634,,,JWST Transiting Exoplanet Community ERS Team 2022,,,,0.895,0.023,-0.023,Faedi et al. 2011
3.7375,0.0115,2.11426,0.01096,-0.00998,JWST Transiting Exoplanet Community ERS Team 2022,0.1454,0.00038,-0.00034,JWST Transiting Exoplanet Community ERS Team 2022,1.2664,,,JWST Transiting Exoplanet Community ERS Team 2022,,,,0.895,0.023,-0.023,Faedi et al. 2011
3.7605,0.0115,2.10653,0.01083,-0.01078,JWST Transiting Exoplanet Community ERS Team 2022,0.14514,0.00037,-0.00037,JWST Transiting Exoplanet Community ERS Team 2022,1.2641,,,JWST Transiting Exoplanet Community ERS Team 2022,,,,0.895,0.023,-0.023,Faedi et al. 2011
3.784,0.012,2.09473,0.00922,-0.00925,JWST Transiting Exoplanet Community ERS Team 2022,0.14473,0.00032,-0.00032,JWST Transiting Exoplanet Community ERS Team 2022,1.2605,,,JWST Transiting Exoplanet Community ERS Team 2022,,,,0.895,0.023,-0.023,Faedi et al. 2011
3.808,0.012,2.11984,0.01072,-0.01084,JWST Transiting Exoplanet Community ERS Team 2022,0.1456,0.00037,-0.00037,JWST Transiting Exoplanet Community ERS Team 2022,1.2681,,,JWST Transiting Exoplanet Community ERS Team 2022,,,,0.895,0.023,-0.023,Faedi et al. 2011
3.8315,0.0115,2.08452,0.01173,-0.01178,JWST Transiting Exoplanet Community ERS Team 2022,0.14438,0.00041,-0.00041,JWST Transiting Exoplanet Community ERS Team 2022,1.2575,,,JWST Transiting Exoplanet Community ERS Team 2022,,,,0.895,0.023,-0.023,Faedi et al. 2011
3.8545,0.0115,2.09151,0.01189,-0.01105,JWST Transiting Exoplanet Community ERS Team 2022,0.14462,0.00041,-0.00038,JWST Transiting Exoplanet Community ERS Team 2022,1.2596,,,JWST Transiting Exoplanet Community ERS Team 2022,,,,0.895,0.023,-0.023,Faedi et al. 2011
3.8785,0.0115,2.1026,0.00997,-0.00915,JWST Transiting Exoplanet Community ERS Team 2022,0.145,0.00034,-0.00032,JWST Transiting Exoplanet Community ERS Team 2022,1.2629,,,JWST Transiting Exoplanet Community ERS Team 2022,,,,0.895,0.023,-0.023,Faedi et al. 2011
3.902,0.012,2.09047,0.01137,-0.01184,JWST Transiting Exoplanet Community ERS Team 2022,0.14458,0.00039,-0.00041,JWST Transiting Exoplanet Community ERS Team 2022,1.2592,,,JWST Transiting Exoplanet Community ERS Team 2022,,,,0.895,0.023,-0.023,Faedi et al. 2011
3.9255,0.0115,2.10912,0.01145,-0.01159,JWST Transiting Exoplanet Community ERS Team 2022,0.14523,0.00039,-0.0004,JWST Transiting Exoplanet Community ERS Team 2022,1.2648,,,JWST Transiting Exoplanet Community ERS Team 2022,,,,0.895,0.023,-0.023,Faedi et al. 2011
3.9485,0.0115,2.09983,0.01219,-0.01216,JWST Transiting Exoplanet Community ERS Team 2022,0.14491,0.00042,-0.00042,JWST Transiting Exoplanet Community ERS Team 2022,1.2621,,,JWST Transiting Exoplanet Community ERS Team 2022,,,,0.895,0.023,-0.023,Faedi et al. 2011
3.972,0.012,2.10995,0.01026,-0.00973,JWST Transiting Exoplanet Community ERS Team 2022,0.14526,0.00035,-0.00034,JWST Transiting Exoplanet Community ERS Team 2022,1.2651,,,JWST Transiting Exoplanet Community ERS Team 2022,,,,0.895,0.023,-0.023,Faedi et al. 2011
3.996,0.012,2.14208,0.01223,-0.01265,JWST Transiting Exoplanet Community ERS Team 2022,0.14636,0.00042,-0.00043,JWST Transiting Exoplanet Community ERS Team 2022,1.2747,,,JWST Transiting Exoplanet Community ERS Team 2022,,,,0.895,0.023,-0.023,Faedi et al. 2011
4.0195,0.0115,2.13689,0.00977,-0.01085,JWST Transiting Exoplanet Community ERS Team 2022,0.14618,0.00033,-0.00037,JWST Transiting Exoplanet Community ERS Team 2022,1.2731,,,JWST Transiting Exoplanet Community ERS Team 2022,,,,0.895,0.023,-0.023,Faedi et al. 2011
4.0425,0.0115,2.14585,0.01212,-0.01218,JWST Transiting Exoplanet Community ERS Team 2022,0.14649,0.00041,-0.00042,JWST Transiting Exoplanet Community ERS Team 2022,1.2758,,,JWST Transiting Exoplanet Community ERS Team 2022,,,,0.895,0.023,-0.023,Faedi et al. 2011
4.066,0.012,2.11356,0.01191,-0.01346,JWST Transiting Exoplanet Community ERS Team 2022,0.14538,0.00041,-0.00046,JWST Transiting Exoplanet Community ERS Team 2022,1.2662,,,JWST Transiting Exoplanet Community ERS Team 2022,,,,0.895,0.023,-0.023,Faedi et al. 2011
4.09,0.012,2.10623,0.01086,-0.01109,JWST Transiting Exoplanet Community ERS Team 2022,0.14513,0.00037,-0.00038,JWST Transiting Exoplanet Community ERS Team 2022,1.264,,,JWST Transiting Exoplanet Community ERS Team 2022,,,,0.895,0.023,-0.023,Faedi et al. 2011
4.1135,0.0115,2.09323,0.01224,-0.01346,JWST Transiting Exoplanet Community ERS Team 2022,0.14468,0.00042,-0.00047,JWST Transiting Exoplanet Community ERS Team 2022,1.2601,,,JWST Transiting Exoplanet Community ERS Team 2022,,,,0.895,0.023,-0.023,Faedi et al. 2011
4.1365,0.0115,2.10741,0.0113,-0.01067,JWST Transiting Exoplanet Community ERS Team 2022,0.14517,0.00039,-0.00037,JWST Transiting Exoplanet Community ERS Team 2022,1.2643,,,JWST Transiting Exoplanet Community ERS Team 2022,,,,0.895,0.023,-0.023,Faedi et al. 2011
4.16,0.012,2.13196,0.01319,-0.01371,JWST Transiting Exoplanet Community ERS Team 2022,0.14601,0.00045,-0.00047,JWST Transiting Exoplanet Community ERS Team 2022,1.2717,,,JWST Transiting Exoplanet Community ERS Team 2022,,,,0.895,0.023,-0.023,Faedi et al. 2011
4.184,0.012,2.12331,0.01098,-0.01122,JWST Transiting Exoplanet Community ERS Team 2022,0.14572,0.00038,-0.00039,JWST Transiting Exoplanet Community ERS Team 2022,1.2691,,,JWST Transiting Exoplanet Community ERS Team 2022,,,,0.895,0.023,-0.023,Faedi et al. 2011
4.2075,0.0115,2.1915,0.01332,-0.0134,JWST Transiting Exoplanet Community ERS Team 2022,0.14804,0.00045,-0.00045,JWST Transiting Exoplanet Community ERS Team 2022,1.2893,,,JWST Transiting Exoplanet Community ERS Team 2022,,,,0.895,0.023,-0.023,Faedi et al. 2011
4.2305,0.0115,2.19001,0.01069,-0.01052,JWST Transiting Exoplanet Community ERS Team 2022,0.14799,0.00036,-0.00036,JWST Transiting Exoplanet Community ERS Team 2022,1.2889,,,JWST Transiting Exoplanet Community ERS Team 2022,,,,0.895,0.023,-0.023,Faedi et al. 2011
4.254,0.012,2.23726,0.01297,-0.0143,JWST Transiting Exoplanet Community ERS Team 2022,0.14957,0.00043,-0.00048,JWST Transiting Exoplanet Community ERS Team 2022,1.3027,,,JWST Transiting Exoplanet Community ERS Team 2022,,,,0.895,0.023,-0.023,Faedi et al. 2011
4.278,0.012,2.24638,0.01164,-0.01231,JWST Transiting Exoplanet Community ERS Team 2022,0.14988,0.00039,-0.00041,JWST Transiting Exoplanet Community ERS Team 2022,1.3054,,,JWST Transiting Exoplanet Community ERS Team 2022,,,,0.895,0.023,-0.023,Faedi et al. 2011
4.3015,0.0115,2.24213,0.01385,-0.01357,JWST Transiting Exoplanet Community ERS Team 2022,0.14974,0.00046,-0.00045,JWST Transiting Exoplanet Community ERS Team 2022,1.3041,,,JWST Transiting Exoplanet Community ERS Team 2022,,,,0.895,0.023,-0.023,Faedi et al. 2011
4.3245,0.0115,2.24294,0.01177,-0.01172,JWST Transiting Exoplanet Community ERS Team 2022,0.14976,0.00039,-0.00039,JWST Transiting Exoplanet Community ERS Team 2022,1.3044,,,JWST Transiting Exoplanet Community ERS Team 2022,,,,0.895,0.023,-0.023,Faedi et al. 2011
4.348,0.012,2.26734,0.01402,-0.01465,JWST Transiting Exoplanet Community ERS Team 2022,0.15058,0.00046,-0.00049,JWST Transiting Exoplanet Community ERS Team 2022,1.3114,,,JWST Transiting Exoplanet Community ERS Team 2022,,,,0.895,0.023,-0.023,Faedi et al. 2011
4.372,0.012,2.25226,0.01245,-0.01272,JWST Transiting Exoplanet Community ERS Team 2022,0.15008,0.00041,-0.00042,JWST Transiting Exoplanet Community ERS Team 2022,1.3071,,,JWST Transiting Exoplanet Community ERS Team 2022,,,,0.895,0.023,-0.023,Faedi et al. 2011
4.3955,0.0115,2.26228,0.01294,-0.01349,JWST Transiting Exoplanet Community ERS Team 2022,0.15041,0.00043,-0.00045,JWST Transiting Exoplanet Community ERS Team 2022,1.31,,,JWST Transiting Exoplanet Community ERS Team 2022,,,,0.895,0.023,-0.023,Faedi et al. 2011
4.4185,0.0115,2.26617,0.0145,-0.01482,JWST Transiting Exoplanet Community ERS Team 2022,0.15054,0.00048,-0.00049,JWST Transiting Exoplanet Community ERS Team 2022,1.3111,,,JWST Transiting Exoplanet Community ERS Team 2022,,,,0.895,0.023,-0.023,Faedi et al. 2011
4.466,0.012,2.18959,0.0122,-0.01324,JWST Transiting Exoplanet Community ERS Team 2022,0.14797,0.00041,-0.00045,JWST Transiting Exoplanet Community ERS Team 2022,1.2888,,,JWST Transiting Exoplanet Community ERS Team 2022,,,,0.895,0.023,-0.023,Faedi et al. 2011
4.4895,0.0115,2.21697,0.01423,-0.01512,JWST Transiting Exoplanet Community ERS Team 2022,0.1489,0.00048,-0.00051,JWST Transiting Exoplanet Community ERS Team 2022,1.2968,,,JWST Transiting Exoplanet Community ERS Team 2022,,,,0.895,0.023,-0.023,Faedi et al. 2011
4.5125,0.0115,2.16021,0.013,-0.01398,JWST Transiting Exoplanet Community ERS Team 2022,0.14698,0.00044,-0.00048,JWST Transiting Exoplanet Community ERS Team 2022,1.2801,,,JWST Transiting Exoplanet Community ERS Team 2022,,,,0.895,0.023,-0.023,Faedi et al. 2011
4.536,0.012,2.1702,0.01253,-0.01312,JWST Transiting Exoplanet Community ERS Team 2022,0.14732,0.00042,-0.00045,JWST Transiting Exoplanet Community ERS Team 2022,1.283,,,JWST Transiting Exoplanet Community ERS Team 2022,,,,0.895,0.023,-0.023,Faedi et al. 2011
4.56,0.012,2.17521,0.01643,-0.01642,JWST Transiting Exoplanet Community ERS Team 2022,0.14749,0.00056,-0.00056,JWST Transiting Exoplanet Community ERS Team 2022,1.2845,,,JWST Transiting Exoplanet Community ERS Team 2022,,,,0.895,0.023,-0.023,Faedi et al. 2011
4.583,0.012,2.16568,0.01372,-0.0146,JWST Transiting Exoplanet Community ERS Team 2022,0.14716,0.00047,-0.0005,JWST Transiting Exoplanet Community ERS Team 2022,1.2817,,,JWST Transiting Exoplanet Community ERS Team 2022,,,,0.895,0.023,-0.023,Faedi et al. 2011
4.6065,0.0115,2.1627,0.01411,-0.01481,JWST Transiting Exoplanet Community ERS Team 2022,0.14706,0.00048,-0.0005,JWST Transiting Exoplanet Community ERS Team 2022,1.2808,,,JWST Transiting Exoplanet Community ERS Team 2022,,,,0.895,0.023,-0.023,Faedi et al. 2011
4.63,0.012,2.14074,0.0145,-0.01289,JWST Transiting Exoplanet Community ERS Team 2022,0.14631,0.00049,-0.00044,JWST Transiting Exoplanet Community ERS Team 2022,1.2743,,,JWST Transiting Exoplanet Community ERS Team 2022,,,,0.895,0.023,-0.023,Faedi et al. 2011
4.654,0.012,2.15652,0.01676,-0.0171,JWST Transiting Exoplanet Community ERS Team 2022,0.14685,0.00057,-0.00058,JWST Transiting Exoplanet Community ERS Team 2022,1.279,,,JWST Transiting Exoplanet Community ERS Team 2022,,,,0.895,0.023,-0.023,Faedi et al. 2011
4.6775,0.0115,2.14231,0.01446,-0.01439,JWST Transiting Exoplanet Community ERS Team 2022,0.14637,0.00049,-0.00049,JWST Transiting Exoplanet Community ERS Team 2022,1.2748,,,JWST Transiting Exoplanet Community ERS Team 2022,,,,0.895,0.023,-0.023,Faedi et al. 2011
4.7005,0.0115,2.15389,0.01446,-0.01463,JWST Transiting Exoplanet Community ERS Team 2022,0.14676,0.00049,-0.0005,JWST Transiting Exoplanet Community ERS Team 2022,1.2782,,,JWST Transiting Exoplanet Community ERS Team 2022,,,,0.895,0.023,-0.023,Faedi et al. 2011
4.748,0.012,2.1399,0.01438,-0.01561,JWST Transiting Exoplanet Community ERS Team 2022,0.14628,0.00049,-0.00053,JWST Transiting Exoplanet Community ERS Team 2022,1.274,,,JWST Transiting Exoplanet Community ERS Team 2022,,,,0.895,0.023,-0.023,Faedi et al. 2011
4.7715,0.0115,2.19199,0.0181,-0.01776,JWST Transiting Exoplanet Community ERS Team 2022,0.14805,0.00061,-0.0006,JWST Transiting Exoplanet Community ERS Team 2022,1.2895,,,JWST Transiting Exoplanet Community ERS Team 2022,,,,0.895,0.023,-0.023,Faedi et al. 2011
4.7945,0.0115,2.14884,0.01388,-0.01409,JWST Transiting Exoplanet Community ERS Team 2022,0.14659,0.00047,-0.00048,JWST Transiting Exoplanet Community ERS Team 2022,1.2767,,,JWST Transiting Exoplanet Community ERS Team 2022,,,,0.895,0.023,-0.023,Faedi et al. 2011
4.818,0.012,2.1335,0.01518,-0.01518,JWST Transiting Exoplanet Community ERS Team 2022,0.14607,0.00052,-0.00052,JWST Transiting Exoplanet Community ERS Team 2022,1.2721,,,JWST Transiting Exoplanet Community ERS Team 2022,,,,0.895,0.023,-0.023,Faedi et al. 2011
4.842,0.012,2.15286,0.01492,-0.01526,JWST Transiting Exoplanet Community ERS Team 2022,0.14673,0.00051,-0.00052,JWST Transiting Exoplanet Community ERS Team 2022,1.2779,,,JWST Transiting Exoplanet Community ERS Team 2022,,,,0.895,0.023,-0.023,Faedi et al. 2011
4.865,0.012,2.13447,0.01639,-0.01501,JWST Transiting Exoplanet Community ERS Team 2022,0.1461,0.00056,-0.00051,JWST Transiting Exoplanet Community ERS Team 2022,1.2724,,,JWST Transiting Exoplanet Community ERS Team 2022,,,,0.895,0.023,-0.023,Faedi et al. 2011
4.8885,0.0115,2.11139,0.01582,-0.01626,JWST Transiting Exoplanet Community ERS Team 2022,0.14531,0.00054,-0.00056,JWST Transiting Exoplanet Community ERS Team 2022,1.2655,,,JWST Transiting Exoplanet Community ERS Team 2022,,,,0.895,0.023,-0.023,Faedi et al. 2011
4.912,0.012,2.11146,0.01614,-0.01634,JWST Transiting Exoplanet Community ERS Team 2022,0.14531,0.00055,-0.00056,JWST Transiting Exoplanet Community ERS Team 2022,1.2655,,,JWST Transiting Exoplanet Community ERS Team 2022,,,,0.895,0.023,-0.023,Faedi et al. 2011
4.936,0.012,2.16074,0.01622,-0.01578,JWST Transiting Exoplanet Community ERS Team 2022,0.14699,0.00055,-0.00054,JWST Transiting Exoplanet Community ERS Team 2022,1.2802,,,JWST Transiting Exoplanet Community ERS Team 2022,,,,0.895,0.023,-0.023,Faedi et al. 2011
4.9595,0.0115,2.17869,0.0163,-0.01552,JWST Transiting Exoplanet Community ERS Team 2022,0.1476,0.00055,-0.00053,JWST Transiting Exoplanet Community ERS Team 2022,1.2855,,,JWST Transiting Exoplanet Community ERS Team 2022,,,,0.895,0.023,-0.023,Faedi et al. 2011
4.9825,0.0115,2.09588,0.01543,-0.01508,JWST Transiting Exoplanet Community ERS Team 2022,0.14477,0.00053,-0.00052,JWST Transiting Exoplanet Community ERS Team 2022,1.2609,,,JWST Transiting Exoplanet Community ERS Team 2022,,,,0.895,0.023,-0.023,Faedi et al. 2011
5.006,0.012,2.14136,0.01514,-0.01678,JWST Transiting Exoplanet Community ERS Team 2022,0.14633,0.00052,-0.00057,JWST Transiting Exoplanet Community ERS Team 2022,1.2745,,,JWST Transiting Exoplanet Community ERS Team 2022,,,,0.895,0.023,-0.023,Faedi et al. 2011
5.03,0.012,2.10495,0.0164,-0.01727,JWST Transiting Exoplanet Community ERS Team 2022,0.14508,0.00056,-0.0006,JWST Transiting Exoplanet Community ERS Team 2022,1.2636,,,JWST Transiting Exoplanet Community ERS Team 2022,,,,0.895,0.023,-0.023,Faedi et al. 2011
5.0765,0.0115,2.15332,0.01729,-0.01785,JWST Transiting Exoplanet Community ERS Team 2022,0.14674,0.00059,-0.00061,JWST Transiting Exoplanet Community ERS Team 2022,1.278,,,JWST Transiting Exoplanet Community ERS Team 2022,,,,0.895,0.023,-0.023,Faedi et al. 2011
5.1,0.012,2.12428,0.01848,-0.01813,JWST Transiting Exoplanet Community ERS Team 2022,0.14575,0.00063,-0.00062,JWST Transiting Exoplanet Community ERS Team 2022,1.2694,,,JWST Transiting Exoplanet Community ERS Team 2022,,,,0.895,0.023,-0.023,Faedi et al. 2011
5.124,0.012,2.1358,0.01718,-0.01701,JWST Transiting Exoplanet Community ERS Team 2022,0.14614,0.00059,-0.00058,JWST Transiting Exoplanet Community ERS Team 2022,1.2728,,,JWST Transiting Exoplanet Community ERS Team 2022,,,,0.895,0.023,-0.023,Faedi et al. 2011
5.147,0.012,2.16373,0.018,-0.01764,JWST Transiting Exoplanet Community ERS Team 2022,0.1471,0.00061,-0.0006,JWST Transiting Exoplanet Community ERS Team 2022,1.2811,,,JWST Transiting Exoplanet Community ERS Team 2022,,,,0.895,0.023,-0.023,Faedi et al. 2011
5.1705,0.0115,2.11395,0.01897,-0.01899,JWST Transiting Exoplanet Community ERS Team 2022,0.14539,0.00065,-0.00065,JWST Transiting Exoplanet Community ERS Team 2022,1.2663,,,JWST Transiting Exoplanet Community ERS Team 2022,,,,0.895,0.023,-0.023,Faedi et al. 2011
5.194,0.012,2.10835,0.01678,-0.01954,JWST Transiting Exoplanet Community ERS Team 2022,0.1452,0.00058,-0.00067,JWST Transiting Exoplanet Community ERS Team 2022,1.2646,,,JWST Transiting Exoplanet Community ERS Team 2022,,,,0.895,0.023,-0.023,Faedi et al. 2011
5.218,0.012,2.14099,0.01617,-0.0162,JWST Transiting Exoplanet Community ERS Team 2022,0.14632,0.00055,-0.00055,JWST Transiting Exoplanet Community ERS Team 2022,1.2744,,,JWST Transiting Exoplanet Community ERS Team 2022,,,,0.895,0.023,-0.023,Faedi et al. 2011
5.2415,0.0115,2.18308,0.01951,-0.0181,JWST Transiting Exoplanet Community ERS Team 2022,0.14775,0.00066,-0.00061,JWST Transiting Exoplanet Community ERS Team 2022,1.2868,,,JWST Transiting Exoplanet Community ERS Team 2022,,,,0.895,0.023,-0.023,Faedi et al. 2011
5.2645,0.0115,2.13801,0.01916,-0.01908,JWST Transiting Exoplanet Community ERS Team 2022,0.14622,0.00065,-0.00065,JWST Transiting Exoplanet Community ERS Team 2022,1.2735,,,JWST Transiting Exoplanet Community ERS Team 2022,,,,0.895,0.023,-0.023,Faedi et al. 2011
5.288,0.012,2.11852,0.01886,-0.01746,JWST Transiting Exoplanet Community ERS Team 2022,0.14555,0.00065,-0.0006,JWST Transiting Exoplanet Community ERS Team 2022,1.2677,,,JWST Transiting Exoplanet Community ERS Team 2022,,,,0.895,0.023,-0.023,Faedi et al. 2011
